{"sensor": "sentinel2",
  "input_shape": "2,90,90,13",
  "resolution": 10,
"band_ids": ["B01", "B02", "B03", "B04", "B05",
            "B06", "B07", "B08", "B8A",
            "B09", "B10", "B11", "B12"],
"band_means": {"B01": 1617.5661643050978,
              "B02": 1422.3719453248793,
              "B03": 1359.3729378266555,
              "B04": 1414.6782051630655,
              "B05": 1557.9375814996074,
              "B06": 1986.2235117016169,
              "B07": 2210.5037144727444,
              "B08": 2118.5600261598356,
              "B09": 711.83906025521844,
              "B10": 15.75398180230429,
              "B11": 2133.9020389587163,
              "B12": 1584.2672746823432,
              "B8A": 2344.7920358515848},
"band_stds": {"B01": 319.11895245135725,
             "B02": 456.24958899714318,
             "B03": 590.13027145320575,
             "B04": 849.36709395436458,
             "B05": 811.31234423936974,
             "B06": 813.54673546588663,
             "B07": 891.84688914609933,
             "B08": 901.61466840470621,
             "B09": 370.95321479704359,
             "B10": 9.2311736178846093,
             "B11": 1116.5923795237484,
             "B12": 985.12262217902412,
             "B8A": 954.76957663021938},

"stretch_8bit": {"lower":2, "higher":98},
"patch_size": 90,
"stride": 180,
"augmentation": true,

"num_gpus": 1,
"num_workers": 2,

"epochs": 1,
"batch_size": 32,
"learning_rate": 0.001,
"loss_function": "tversky",
"tversky_alpha": 0.1,
"tversky_beta": 0.9,

"project_name": "ChangeDetection",
"dataset_name": "onera_w_mask.tar.gz",
"validation_cities": ["cupertino","rennes"],
"dataset_dir": "./onera/",
"weight_dir": "/outputs/",
"log_dir": "./log/",
"_comment": "#Training cities, select validation cities from this to include cities into validation set \\ #0:abudhabi, 1:aguasclaras, 2:beihai, 3:beirut, 4:bercy, \\ #5:bordeaux, 6:cupertino, 7:hongkong, 8:mumbai, 9:nantes, \\ #10:paris, 11:pisa, 12:rennes, 14:saclay_e \\ \\ #loss function to select loss functions, availables \\ #1. Binary cross entropy (bce) \\ #2. Focal loss (focal) \\ #3. Dice loss (dice) \\ #4. Jaccard loss (jaccard) \\ #5. Tversky loss (tversky) \\ \\ #tversky_alpha is alpha paramter of tversky loss, use it if tversky loss is selected \\ #tversky_beta is beta parameter of tversky loss, use it if tversky loss is selected \\ \\ #focal_gamma is the gamma parameter of focal loss, use it if focal loss is selected \\ \\ #When augmentation is set true, the training process will augment the data by doing horizontal and vertical flip and 0,90,180,270,360 degree rotations. \\ \\ #Stretch_8bit param is requried for logging of images to comet. \\ \\ #Precompute band-wise means and standard deviations for your dataset and set it here. \\ \\ #dataset_name is the file name of dataset stored in gcs gs://granular-ai/data location."
}
